`mesh_qualifier_uid`,`name`,`created_at`,`updated_at`
Q000000981,diagnostic imaging,2018-01-05 03:53:27,2018-01-05 03:53:27
Q000002,abnormalities,2018-01-05 03:53:27,2018-01-05 03:53:27
Q000008,administration & dosage,2018-01-05 03:53:27,2018-01-05 03:53:27
Q000009,adverse effects,2018-01-05 03:53:27,2018-01-05 03:53:27
Q000031,analogs & derivatives,2018-01-05 03:53:27,2018-01-05 03:53:27
Q000032,analysis,2018-01-05 03:53:27,2018-01-05 03:53:27
Q000033,anatomy & histology,2018-01-05 03:53:27,2018-01-05 03:53:27
Q000037,antagonists & inhibitors,2018-01-05 03:53:27,2018-01-05 03:53:27
Q000096,biosynthesis,2018-01-05 03:53:27,2018-01-05 03:53:27
Q000097,blood,2018-01-05 03:53:27,2018-01-05 03:53:27
Q000098,blood supply,2018-01-05 03:53:27,2018-01-05 03:53:27
Q000134,cerebrospinal fluid,2018-01-05 03:53:27,2018-01-05 03:53:27
Q000138,chemical synthesis,2018-01-05 03:53:27,2018-01-05 03:53:27
Q000139,chemically induced,2018-01-05 03:53:27,2018-01-05 03:53:27
Q000145,classification,2018-01-05 03:53:27,2018-01-05 03:53:27
Q000150,complications,2018-01-05 03:53:27,2018-01-05 03:53:27
Q000151,congenital,2018-01-05 03:53:27,2018-01-05 03:53:27
Q000166,cytology,2018-01-05 03:53:27,2018-01-05 03:53:27
Q000172,deficiency,2018-01-05 03:53:27,2018-01-05 03:53:27
Q000175,diagnosis,2018-01-05 03:53:27,2018-01-05 03:53:27
Q000178,diet therapy,2018-01-05 03:53:27,2018-01-05 03:53:27
Q000187,drug effects,2018-01-05 03:53:27,2018-01-05 03:53:27
Q000188,drug therapy,2018-01-05 03:53:27,2018-01-05 03:53:27
Q000191,economics,2018-01-05 03:53:27,2018-01-05 03:53:27
Q000193,education,2018-01-05 03:53:27,2018-01-05 03:53:27
Q000196,embryology,2018-01-05 03:53:27,2018-01-05 03:53:27
Q000201,enzymology,2018-01-05 03:53:27,2018-01-05 03:53:27
Q000208,ethnology,2018-01-05 03:53:27,2018-01-05 03:53:27
Q000209,etiology,2018-01-05 03:53:27,2018-01-05 03:53:27
Q000235,genetics,2018-01-05 03:53:27,2018-01-05 03:53:27
Q000254,growth & development,2018-01-05 03:53:27,2018-01-05 03:53:27
Q000266,history,2018-01-05 03:53:27,2018-01-05 03:53:27
Q000276,immunology,2018-01-05 03:53:27,2018-01-05 03:53:27
Q000293,injuries,2018-01-05 03:53:27,2018-01-05 03:53:27
Q000294,innervation,2018-01-05 03:53:27,2018-01-05 03:53:27
Q000295,instrumentation,2018-01-05 03:53:27,2018-01-05 03:53:27
Q000302,isolation & purification,2018-01-05 03:53:27,2018-01-05 03:53:27
Q000331,legislation & jurisprudence,2018-01-05 03:53:27,2018-01-05 03:53:27
Q000364,manpower,2018-01-05 03:53:27,2018-01-05 03:53:27
Q000378,metabolism,2018-01-05 03:53:27,2018-01-05 03:53:27
Q000379,methods,2018-01-05 03:53:27,2018-01-05 03:53:27
Q000382,microbiology,2018-01-05 03:53:27,2018-01-05 03:53:27
Q000401,mortality,2018-01-05 03:53:27,2018-01-05 03:53:27
Q000451,nursing,2018-01-05 03:53:27,2018-01-05 03:53:27
Q000453,epidemiology,2018-01-05 03:53:27,2018-01-05 03:53:27
Q000458,organization & administration,2018-01-05 03:53:27,2018-01-05 03:53:27
Q000469,parasitology,2018-01-05 03:53:27,2018-01-05 03:53:27
Q000472,pathogenicity,2018-01-05 03:53:27,2018-01-05 03:53:27
Q000473,pathology,2018-01-05 03:53:27,2018-01-05 03:53:27
Q000493,pharmacokinetics,2018-01-05 03:53:27,2018-01-05 03:53:27
Q000494,pharmacology,2018-01-05 03:53:27,2018-01-05 03:53:27
Q000502,physiology,2018-01-05 03:53:27,2018-01-05 03:53:27
Q000503,physiopathology,2018-01-05 03:53:27,2018-01-05 03:53:27
Q000506,poisoning,2018-01-05 03:53:27,2018-01-05 03:53:27
Q000517,prevention & control,2018-01-05 03:53:27,2018-01-05 03:53:27
Q000523,psychology,2018-01-05 03:53:27,2018-01-05 03:53:27
Q000528,radiation effects,2018-01-05 03:53:27,2018-01-05 03:53:27
Q000532,radiotherapy,2018-01-05 03:53:27,2018-01-05 03:53:27
Q000534,rehabilitation,2018-01-05 03:53:27,2018-01-05 03:53:27
Q000556,secondary,2018-01-05 03:53:27,2018-01-05 03:53:27
Q000557,secretion,2018-01-05 03:53:27,2018-01-05 03:53:27
Q000592,standards,2018-01-05 03:53:27,2018-01-05 03:53:27
Q000600,supply & distribution,2018-01-05 03:53:27,2018-01-05 03:53:27
Q000601,surgery,2018-01-05 03:53:27,2018-01-05 03:53:27
Q000627,therapeutic use,2018-01-05 03:53:27,2018-01-05 03:53:27
Q000628,therapy,2018-01-05 03:53:27,2018-01-05 03:53:27
Q000633,toxicity,2018-01-05 03:53:27,2018-01-05 03:53:27
Q000635,transmission,2018-01-05 03:53:27,2018-01-05 03:53:27
Q000637,transplantation,2018-01-05 03:53:27,2018-01-05 03:53:27
Q000639,trends,2018-01-05 03:53:27,2018-01-05 03:53:27
Q000648,ultrastructure,2018-01-05 03:53:27,2018-01-05 03:53:27
Q000652,urine,2018-01-05 03:53:27,2018-01-05 03:53:27
Q000656,utilization,2018-01-05 03:53:27,2018-01-05 03:53:27
Q000662,veterinary,2018-01-05 03:53:27,2018-01-05 03:53:27
Q000706,statistics & numerical data,2018-01-05 03:53:27,2018-01-05 03:53:27
Q000737,chemistry,2018-01-05 03:53:27,2018-01-05 03:53:27
Q000744,contraindications,2018-01-05 03:53:27,2018-01-05 03:53:27
Q000819,agonists,2018-01-05 03:53:27,2018-01-05 03:53:27
Q000821,virology,2018-01-05 03:53:27,2018-01-05 03:53:27
Q000941,ethics,2018-01-05 03:53:27,2018-01-05 03:53:27